{
    "loss": 230.35064697265625,
    "accuracy": 0.5686274766921997
}